SOLUTION 1 :-

d1_56474>CREATE INDEX idx_orders_odate ON orders(odate);
Query OK, 0 rows affected (0.42 sec)
Records: 0  Duplicates: 0  Warnings: 0

d1_56474>SELECT * FROM orders WHERE odate = '1990-10-03';
+------+---------+------------+------+------+
| onum | amt     | odate      | cnum | snum |
+------+---------+------------+------+------+
| 3001 |   18.69 | 1990-10-03 | 2008 | 1007 |
| 3003 |  767.19 | 1990-10-03 | 2001 | 1001 |
| 3002 | 1900.10 | 1990-10-03 | 2007 | 1004 |
| 3005 | 5160.45 | 1990-10-03 | 2003 | 1002 |
| 3006 | 1098.16 | 1990-10-03 | 2008 | 1007 |
+------+---------+------------+------+------+
5 rows in set (0.01 sec)

d1_56474>EXPLAIN FORMAT = JSON
    -> SELECT * FROM orders WHERE odate = '1990-10-03';
+----------------------------------------------------------------------------------------------------------------------------------------------------------------------------------------------------------------------------------------------------------------------------------------------------------------------------------------------------------------------------------------------------------------------------------------------------------------------------------------------------------------------------------------------------------------------------------------------------------------------------------------------------------------------------------------------------------------------------------------------------------------------------------+
| EXPLAIN                                                                                                                                                                                                                                                                                                                                                                                                                                                                                                                                                                                                                                                                                                                                                                          |
+----------------------------------------------------------------------------------------------------------------------------------------------------------------------------------------------------------------------------------------------------------------------------------------------------------------------------------------------------------------------------------------------------------------------------------------------------------------------------------------------------------------------------------------------------------------------------------------------------------------------------------------------------------------------------------------------------------------------------------------------------------------------------------+
| {
  "query_block": {
    "select_id": 1,
    "cost_info": {
      "query_cost": "1.00"
    },
    "table": {
      "table_name": "orders",
      "access_type": "ref",
      "possible_keys": [
        "idx_orders_odate"
      ],
      "key": "idx_orders_odate",
      "used_key_parts": [
        "odate"
      ],
      "key_length": "4",
      "ref": [
        "const"
      ],
      "rows_examined_per_scan": 5,
      "rows_produced_per_join": 5,
      "filtered": "100.00",
      "cost_info": {
        "read_cost": "0.50",
        "eval_cost": "0.50",
        "prefix_cost": "1.00",
        "data_read_per_join": "120"
      },
      "used_columns": [
        "onum",
        "amt",
        "odate",
        "cnum",
        "snum"
      ]
    }
  }
} |
+----------------------------------------------------------------------------------------------------------------------------------------------------------------------------------------------------------------------------------------------------------------------------------------------------------------------------------------------------------------------------------------------------------------------------------------------------------------------------------------------------------------------------------------------------------------------------------------------------------------------------------------------------------------------------------------------------------------------------------------------------------------------------------+
1 row in set, 1 warning (0.01 sec)


SOLUTION 2 :-

d1_56474>EXPLAIN FORMAT = JSON
    -> SELECT * FROM orders WHERE onum = 3001;
+-------------------------------------------------------------------------------------------------------------------------------------------------------------------------------------------------------------------------------------------------------------------------------------------------------------------------------------------------------------------------------------------------------------------------------------------------------------------------------------------------------------------------------------------------------------------------------------------------------------------------------+
| EXPLAIN                                                                                                                                                                                                                                                                                                                                                                                                                                                                                                                                                                                                                       |
+-------------------------------------------------------------------------------------------------------------------------------------------------------------------------------------------------------------------------------------------------------------------------------------------------------------------------------------------------------------------------------------------------------------------------------------------------------------------------------------------------------------------------------------------------------------------------------------------------------------------------------+
| {
  "query_block": {
    "select_id": 1,
    "cost_info": {
      "query_cost": "1.25"
    },
    "table": {
      "table_name": "orders",
      "access_type": "ALL",
      "rows_examined_per_scan": 10,
      "rows_produced_per_join": 1,
      "filtered": "10.00",
      "cost_info": {
        "read_cost": "1.15",
        "eval_cost": "0.10",
        "prefix_cost": "1.25",
        "data_read_per_join": "24"
      },
      "used_columns": [
        "onum",
        "amt",
        "odate",
        "cnum",
        "snum"
      ],
      "attached_condition": "(`sales`.`orders`.`onum` = 3001)"
    }
  }
} |
+-------------------------------------------------------------------------------------------------------------------------------------------------------------------------------------------------------------------------------------------------------------------------------------------------------------------------------------------------------------------------------------------------------------------------------------------------------------------------------------------------------------------------------------------------------------------------------------------------------------------------------+
1 row in set, 1 warning (0.00 sec)

d1_56474>CREATE UNIQUE INDEX order_number ON orders(onum);
Query OK, 0 rows affected (0.04 sec)
Records: 0  Duplicates: 0  Warnings: 0

d1_56474>EXPLAIN FORMAT = JSON
    -> SELECT * FROM orders WHERE onum = 3001;
+--------------------------------------------------------------------------------------------------------------------------------------------------------------------------------------------------------------------------------------------------------------------------------------------------------------------------------------------------------------------------------------------------------------------------------------------------------------------------------------------------------------------------------------------------------------------------------------------------------------------------------------------------------------------------------------------------------------------------------------------------------------------------+
| EXPLAIN                                                                                                                                                                                                                                                                                                                                                                                                                                                                                                                                                                                                                                                                                                                                                                  |
+--------------------------------------------------------------------------------------------------------------------------------------------------------------------------------------------------------------------------------------------------------------------------------------------------------------------------------------------------------------------------------------------------------------------------------------------------------------------------------------------------------------------------------------------------------------------------------------------------------------------------------------------------------------------------------------------------------------------------------------------------------------------------+
| {
  "query_block": {
    "select_id": 1,
    "cost_info": {
      "query_cost": "1.00"
    },
    "table": {
      "table_name": "orders",
      "access_type": "const",
      "possible_keys": [
        "order_number"
      ],
      "key": "order_number",
      "used_key_parts": [
        "onum"
      ],
      "key_length": "5",
      "ref": [
        "const"
      ],
      "rows_examined_per_scan": 1,
      "rows_produced_per_join": 1,
      "filtered": "100.00",
      "cost_info": {
        "read_cost": "0.00",
        "eval_cost": "0.10",
        "prefix_cost": "0.00",
        "data_read_per_join": "24"
      },
      "used_columns": [
        "onum",
        "amt",
        "odate",
        "cnum",
        "snum"
      ]
    }
  }
} |
+--------------------------------------------------------------------------------------------------------------------------------------------------------------------------------------------------------------------------------------------------------------------------------------------------------------------------------------------------------------------------------------------------------------------------------------------------------------------------------------------------------------------------------------------------------------------------------------------------------------------------------------------------------------------------------------------------------------------------------------------------------------------------+
1 row in set, 1 warning (0.00 sec)


SOLUTION 3 :-

d1_56474>EXPLAIN FORMAT = JSON
    -> SELECT * FROM orders WHERE snum = 1002;
+-------------------------------------------------------------------------------------------------------------------------------------------------------------------------------------------------------------------------------------------------------------------------------------------------------------------------------------------------------------------------------------------------------------------------------------------------------------------------------------------------------------------------------------------------------------------------------------------------------------------------------+
| EXPLAIN                                                                                                                                                                                                                                                                                                                                                                                                                                                                                                                                                                                                                       |
+-------------------------------------------------------------------------------------------------------------------------------------------------------------------------------------------------------------------------------------------------------------------------------------------------------------------------------------------------------------------------------------------------------------------------------------------------------------------------------------------------------------------------------------------------------------------------------------------------------------------------------+
| {
  "query_block": {
    "select_id": 1,
    "cost_info": {
      "query_cost": "1.25"
    },
    "table": {
      "table_name": "orders",
      "access_type": "ALL",
      "rows_examined_per_scan": 10,
      "rows_produced_per_join": 1,
      "filtered": "10.00",
      "cost_info": {
        "read_cost": "1.15",
        "eval_cost": "0.10",
        "prefix_cost": "1.25",
        "data_read_per_join": "24"
      },
      "used_columns": [
        "onum",
        "amt",
        "odate",
        "cnum",
        "snum"
      ],
      "attached_condition": "(`sales`.`orders`.`snum` = 1002)"
    }
  }
} |
+-------------------------------------------------------------------------------------------------------------------------------------------------------------------------------------------------------------------------------------------------------------------------------------------------------------------------------------------------------------------------------------------------------------------------------------------------------------------------------------------------------------------------------------------------------------------------------------------------------------------------------+
1 row in set, 1 warning (0.00 sec)

d1_56474>CREATE INDEX salesperson_number ON orders(snum);
Query OK, 0 rows affected (0.10 sec)
Records: 0  Duplicates: 0  Warnings: 0

d1_56474>EXPLAIN FORMAT = JSON
    -> SELECT * FROM orders WHERE snum = 1002;
+------------------------------------------------------------------------------------------------------------------------------------------------------------------------------------------------------------------------------------------------------------------------------------------------------------------------------------------------------------------------------------------------------------------------------------------------------------------------------------------------------------------------------------------------------------------------------------------------------------------------------------------------------------------------------------------------------------------------------------------------------------------------------------+
| EXPLAIN                                                                                                                                                                                                                                                                                                                                                                                                                                                                                                                                                                                                                                                                                                                                                                            |
+------------------------------------------------------------------------------------------------------------------------------------------------------------------------------------------------------------------------------------------------------------------------------------------------------------------------------------------------------------------------------------------------------------------------------------------------------------------------------------------------------------------------------------------------------------------------------------------------------------------------------------------------------------------------------------------------------------------------------------------------------------------------------------+
| {
  "query_block": {
    "select_id": 1,
    "cost_info": {
      "query_cost": "0.80"
    },
    "table": {
      "table_name": "orders",
      "access_type": "ref",
      "possible_keys": [
        "salesperson_number"
      ],
      "key": "salesperson_number",
      "used_key_parts": [
        "snum"
      ],
      "key_length": "5",
      "ref": [
        "const"
      ],
      "rows_examined_per_scan": 3,
      "rows_produced_per_join": 3,
      "filtered": "100.00",
      "cost_info": {
        "read_cost": "0.50",
        "eval_cost": "0.30",
        "prefix_cost": "0.80",
        "data_read_per_join": "72"
      },
      "used_columns": [
        "onum",
        "amt",
        "odate",
        "cnum",
        "snum"
      ]
    }
  }
} |
+------------------------------------------------------------------------------------------------------------------------------------------------------------------------------------------------------------------------------------------------------------------------------------------------------------------------------------------------------------------------------------------------------------------------------------------------------------------------------------------------------------------------------------------------------------------------------------------------------------------------------------------------------------------------------------------------------------------------------------------------------------------------------------+
1 row in set, 1 warning (0.00 sec)


SOLUTION 4 :-

d1_56474>EXPLAIN FORMAT = JSON
    -> SELECT * FROM orders WHERE cnum = 2006 AND odate = '1990-10-04';
+------------------------------------------------------------------------------------------------------------------------------------------------------------------------------------------------------------------------------------------------------------------------------------------------------------------------------------------------------------------------------------------------------------------------------------------------------------------------------------------------------------------------------------------------------------------------------------------------------------------------------------------------------------------------------------------------------------------------------------------------------------------------------------------------------------------------------------------------+
| EXPLAIN                                                                                                                                                                                                                                                                                                                                                                                                                                                                                                                                                                                                                                                                                                                                                                                                                                        |
+------------------------------------------------------------------------------------------------------------------------------------------------------------------------------------------------------------------------------------------------------------------------------------------------------------------------------------------------------------------------------------------------------------------------------------------------------------------------------------------------------------------------------------------------------------------------------------------------------------------------------------------------------------------------------------------------------------------------------------------------------------------------------------------------------------------------------------------------+
| {
  "query_block": {
    "select_id": 1,
    "cost_info": {
      "query_cost": "1.00"
    },
    "table": {
      "table_name": "orders",
      "access_type": "ref",
      "possible_keys": [
        "idx_orders_odate"
      ],
      "key": "idx_orders_odate",
      "used_key_parts": [
        "odate"
      ],
      "key_length": "4",
      "ref": [
        "const"
      ],
      "rows_examined_per_scan": 5,
      "rows_produced_per_join": 0,
      "filtered": "10.00",
      "cost_info": {
        "read_cost": "0.50",
        "eval_cost": "0.05",
        "prefix_cost": "1.00",
        "data_read_per_join": "12"
      },
      "used_columns": [
        "onum",
        "amt",
        "odate",
        "cnum",
        "snum"
      ],
      "attached_condition": "(`sales`.`orders`.`cnum` = 2006)"
    }
  }
} |
+------------------------------------------------------------------------------------------------------------------------------------------------------------------------------------------------------------------------------------------------------------------------------------------------------------------------------------------------------------------------------------------------------------------------------------------------------------------------------------------------------------------------------------------------------------------------------------------------------------------------------------------------------------------------------------------------------------------------------------------------------------------------------------------------------------------------------------------------+
1 row in set, 1 warning (0.00 sec)

d1_56474>CREATE INDEX date_cus ON orders(odate, cnum);
Query OK, 0 rows affected (0.04 sec)
Records: 0  Duplicates: 0  Warnings: 0

d1_56474>EXPLAIN FORMAT = JSON
    -> SELECT * FROM orders WHERE cnum = 2006 AND odate = '1990-10-04';
+------------------------------------------------------------------------------------------------------------------------------------------------------------------------------------------------------------------------------------------------------------------------------------------------------------------------------------------------------------------------------------------------------------------------------------------------------------------------------------------------------------------------------------------------------------------------------------------------------------------------------------------------------------------------------------------------------------------------------------------------------------------------------------------------------------------------------+
| EXPLAIN                                                                                                                                                                                                                                                                                                                                                                                                                                                                                                                                                                                                                                                                                                                                                                                                                      |
+------------------------------------------------------------------------------------------------------------------------------------------------------------------------------------------------------------------------------------------------------------------------------------------------------------------------------------------------------------------------------------------------------------------------------------------------------------------------------------------------------------------------------------------------------------------------------------------------------------------------------------------------------------------------------------------------------------------------------------------------------------------------------------------------------------------------------+
| {
  "query_block": {
    "select_id": 1,
    "cost_info": {
      "query_cost": "0.70"
    },
    "table": {
      "table_name": "orders",
      "access_type": "ref",
      "possible_keys": [
        "idx_orders_odate",
        "date_cus"
      ],
      "key": "date_cus",
      "used_key_parts": [
        "odate",
        "cnum"
      ],
      "key_length": "9",
      "ref": [
        "const",
        "const"
      ],
      "rows_examined_per_scan": 2,
      "rows_produced_per_join": 2,
      "filtered": "100.00",
      "cost_info": {
        "read_cost": "0.50",
        "eval_cost": "0.20",
        "prefix_cost": "0.70",
        "data_read_per_join": "48"
      },
      "used_columns": [
        "onum",
        "amt",
        "odate",
        "cnum",
        "snum"
      ]
    }
  }
} |
+------------------------------------------------------------------------------------------------------------------------------------------------------------------------------------------------------------------------------------------------------------------------------------------------------------------------------------------------------------------------------------------------------------------------------------------------------------------------------------------------------------------------------------------------------------------------------------------------------------------------------------------------------------------------------------------------------------------------------------------------------------------------------------------------------------------------------+
1 row in set, 1 warning (0.00 sec)


SOLUTION 5 :-

d1_56474>EXPLAIN FORMAT = JSON
    -> SELECT * FROM salespeople WHERE snum = 1007;
+-------------------------------------------------------------------------------------------------------------------------------------------------------------------------------------------------------------------------------------------------------------------------------------------------------------------------------------------------------------------------------------------------------------------------------------------------------------------------------------------------------------------------------------------------------------------------------------------------------------------------+
| EXPLAIN                                                                                                                                                                                                                                                                                                                                                                                                                                                                                                                                                                                                                 |
+-------------------------------------------------------------------------------------------------------------------------------------------------------------------------------------------------------------------------------------------------------------------------------------------------------------------------------------------------------------------------------------------------------------------------------------------------------------------------------------------------------------------------------------------------------------------------------------------------------------------------+
| {
  "query_block": {
    "select_id": 1,
    "cost_info": {
      "query_cost": "0.75"
    },
    "table": {
      "table_name": "salespeople",
      "access_type": "ALL",
      "rows_examined_per_scan": 5,
      "rows_produced_per_join": 1,
      "filtered": "20.00",
      "cost_info": {
        "read_cost": "0.65",
        "eval_cost": "0.10",
        "prefix_cost": "0.75",
        "data_read_per_join": "96"
      },
      "used_columns": [
        "snum",
        "sname",
        "city",
        "comm"
      ],
      "attached_condition": "(`sales`.`salespeople`.`snum` = 1007)"
    }
  }
} |
+-------------------------------------------------------------------------------------------------------------------------------------------------------------------------------------------------------------------------------------------------------------------------------------------------------------------------------------------------------------------------------------------------------------------------------------------------------------------------------------------------------------------------------------------------------------------------------------------------------------------------+
1 row in set, 1 warning (0.00 sec)

d1_56474>ALTER TABLE salespeople ADD PRIMARY KEY(snum);
Query OK, 0 rows affected (0.09 sec)
Records: 0  Duplicates: 0  Warnings: 0

d1_56474>EXPLAIN FORMAT = JSON
    -> SELECT * FROM salespeople WHERE snum = 1007;
+------------------------------------------------------------------------------------------------------------------------------------------------------------------------------------------------------------------------------------------------------------------------------------------------------------------------------------------------------------------------------------------------------------------------------------------------------------------------------------------------------------------------------------------------------------------------------------------------------------------------------------------------------------------------------------------------------------------------------------------------------+
| EXPLAIN                                                                                                                                                                                                                                                                                                                                                                                                                                                                                                                                                                                                                                                                                                                                              |
+------------------------------------------------------------------------------------------------------------------------------------------------------------------------------------------------------------------------------------------------------------------------------------------------------------------------------------------------------------------------------------------------------------------------------------------------------------------------------------------------------------------------------------------------------------------------------------------------------------------------------------------------------------------------------------------------------------------------------------------------------+
| {
  "query_block": {
    "select_id": 1,
    "cost_info": {
      "query_cost": "1.00"
    },
    "table": {
      "table_name": "salespeople",
      "access_type": "const",
      "possible_keys": [
        "PRIMARY"
      ],
      "key": "PRIMARY",
      "used_key_parts": [
        "snum"
      ],
      "key_length": "4",
      "ref": [
        "const"
      ],
      "rows_examined_per_scan": 1,
      "rows_produced_per_join": 1,
      "filtered": "100.00",
      "cost_info": {
        "read_cost": "0.00",
        "eval_cost": "0.10",
        "prefix_cost": "0.00",
        "data_read_per_join": "96"
      },
      "used_columns": [
        "snum",
        "sname",
        "city",
        "comm"
      ]
    }
  }
} |
+------------------------------------------------------------------------------------------------------------------------------------------------------------------------------------------------------------------------------------------------------------------------------------------------------------------------------------------------------------------------------------------------------------------------------------------------------------------------------------------------------------------------------------------------------------------------------------------------------------------------------------------------------------------------------------------------------------------------------------------------------+
1 row in set, 1 warning (0.00 sec)

d1_56474>DESCRIBE salespeople;
+-------+--------------+------+-----+---------+-------+
| Field | Type         | Null | Key | Default | Extra |
+-------+--------------+------+-----+---------+-------+
| snum  | int          | NO   | PRI | NULL    |       |
| sname | varchar(10)  | YES  |     | NULL    |       |
| city  | varchar(10)  | YES  |     | NULL    |       |
| comm  | decimal(3,2) | YES  |     | NULL    |       |
+-------+--------------+------+-----+---------+-------+
4 rows in set (0.06 sec)


SOLUTION 6 :-

d1_56474>EXPLAIN FORMAT = JSON
    -> SELECT * FROM customers WHERE cnum = 2006;
+---------------------------------------------------------------------------------------------------------------------------------------------------------------------------------------------------------------------------------------------------------------------------------------------------------------------------------------------------------------------------------------------------------------------------------------------------------------------------------------------------------------------------------------------------------------------------------------------------------------------------------------+
| EXPLAIN                                                                                                                                                                                                                                                                                                                                                                                                                                                                                                                                                                                                                               |
+---------------------------------------------------------------------------------------------------------------------------------------------------------------------------------------------------------------------------------------------------------------------------------------------------------------------------------------------------------------------------------------------------------------------------------------------------------------------------------------------------------------------------------------------------------------------------------------------------------------------------------------+
| {
  "query_block": {
    "select_id": 1,
    "cost_info": {
      "query_cost": "0.95"
    },
    "table": {
      "table_name": "customers",
      "access_type": "ALL",
      "rows_examined_per_scan": 7,
      "rows_produced_per_join": 0,
      "filtered": "14.29",
      "cost_info": {
        "read_cost": "0.85",
        "eval_cost": "0.10",
        "prefix_cost": "0.95",
        "data_read_per_join": "95"
      },
      "used_columns": [
        "cnum",
        "cname",
        "city",
        "rating",
        "snum"
      ],
      "attached_condition": "(`sales`.`customers`.`cnum` = 2006)"
    }
  }
} |
+---------------------------------------------------------------------------------------------------------------------------------------------------------------------------------------------------------------------------------------------------------------------------------------------------------------------------------------------------------------------------------------------------------------------------------------------------------------------------------------------------------------------------------------------------------------------------------------------------------------------------------------+
1 row in set, 1 warning (0.00 sec)

d1_56474>ALTER TABLE customers ADD PRIMARY KEY(cnum);
Query OK, 0 rows affected (0.11 sec)
Records: 0  Duplicates: 0  Warnings: 0

d1_56474>EXPLAIN FORMAT = JSON
    -> SELECT * FROM customers WHERE cnum = 2006;
+----------------------------------------------------------------------------------------------------------------------------------------------------------------------------------------------------------------------------------------------------------------------------------------------------------------------------------------------------------------------------------------------------------------------------------------------------------------------------------------------------------------------------------------------------------------------------------------------------------------------------------------------------------------------------------------------------------------------------------------------------------------------+
| EXPLAIN                                                                                                                                                                                                                                                                                                                                                                                                                                                                                                                                                                                                                                                                                                                                                              |
+----------------------------------------------------------------------------------------------------------------------------------------------------------------------------------------------------------------------------------------------------------------------------------------------------------------------------------------------------------------------------------------------------------------------------------------------------------------------------------------------------------------------------------------------------------------------------------------------------------------------------------------------------------------------------------------------------------------------------------------------------------------------+
| {
  "query_block": {
    "select_id": 1,
    "cost_info": {
      "query_cost": "1.00"
    },
    "table": {
      "table_name": "customers",
      "access_type": "const",
      "possible_keys": [
        "PRIMARY"
      ],
      "key": "PRIMARY",
      "used_key_parts": [
        "cnum"
      ],
      "key_length": "4",
      "ref": [
        "const"
      ],
      "rows_examined_per_scan": 1,
      "rows_produced_per_join": 1,
      "filtered": "100.00",
      "cost_info": {
        "read_cost": "0.00",
        "eval_cost": "0.10",
        "prefix_cost": "0.00",
        "data_read_per_join": "96"
      },
      "used_columns": [
        "cnum",
        "cname",
        "city",
        "rating",
        "snum"
      ]
    }
  }
} |
+----------------------------------------------------------------------------------------------------------------------------------------------------------------------------------------------------------------------------------------------------------------------------------------------------------------------------------------------------------------------------------------------------------------------------------------------------------------------------------------------------------------------------------------------------------------------------------------------------------------------------------------------------------------------------------------------------------------------------------------------------------------------+
1 row in set, 1 warning (0.00 sec)

d1_56474>DESCRIBE customers;
+--------+-------------+------+-----+---------+-------+
| Field  | Type        | Null | Key | Default | Extra |
+--------+-------------+------+-----+---------+-------+
| cnum   | int         | NO   | PRI | NULL    |       |
| cname  | varchar(10) | YES  |     | NULL    |       |
| city   | varchar(10) | YES  |     | NULL    |       |
| rating | int         | YES  |     | NULL    |       |
| snum   | int         | YES  |     | NULL    |       |
+--------+-------------+------+-----+---------+-------+
5 rows in set (0.00 sec)


SOLUTION 7 :-

d1_56474>DESCRIBE customers;
+--------+-------------+------+-----+---------+-------+
| Field  | Type        | Null | Key | Default | Extra |
+--------+-------------+------+-----+---------+-------+
| cnum   | int         | NO   | PRI | NULL    |       |
| cname  | varchar(10) | YES  |     | NULL    |       |
| city   | varchar(10) | YES  |     | NULL    |       |
| rating | int         | YES  |     | NULL    |       |
| snum   | int         | YES  |     | NULL    |       |
+--------+-------------+------+-----+---------+-------+
5 rows in set (0.00 sec)

d1_56474>CREATE TABLE DEPT
    -> ;
ERROR 4028 (HY000): A table must have at least one visible column.
d1_56474>CREATE TABLE DEPT(
    -> deptno INT PRIMARY KEY,
    -> deptname CHAR (20) UNIQUE NOT NULL,
    -> deptid CHAR(5) UNIQUE NOT NULL);
Query OK, 0 rows affected (0.06 sec)

d1_56474>INSERT INTO DEPT VALUES (20, 'MARKETING', 'MKT');
Query OK, 1 row affected (0.01 sec)

d1_56474>INSERT INTO DEPT VALUES (45, 'SALES', 'SL');
Query OK, 1 row affected (0.01 sec)

d1_56474>INSERT INTO DEPT VALUES (57, 'ACCOUNTING', 'ACT');
Query OK, 1 row affected (0.01 sec)

d1_56474>SELECT * FROM DEPT;
+--------+------------+--------+
| deptno | deptname   | deptid |
+--------+------------+--------+
|     20 | MARKETING  | MKT    |
|     45 | SALES      | SL     |
|     57 | ACCOUNTING | ACT    |
+--------+------------+--------+
3 rows in set (0.00 sec)

d1_56474>DESCRIBE DEPT;
+----------+----------+------+-----+---------+-------+
| Field    | Type     | Null | Key | Default | Extra |
+----------+----------+------+-----+---------+-------+
| deptno   | int      | NO   | PRI | NULL    |       |
| deptname | char(20) | NO   | UNI | NULL    |       |
| deptid   | char(5)  | NO   | UNI | NULL    |       |
+----------+----------+------+-----+---------+-------+
3 rows in set (0.01 sec)